{
  "pattern": "charuco",
  "image_width": 1280,
  "image_height": 720,
  "images_total": 50,
  "images_used_initial": 50,
  "images_used_final": 50,
  "images_rejected_outlier": 0,
  "rms_reprojection_error": 0.42288594548400144,
  "mean_reprojection_error_px": 0.34900807446064064,
  "max_reprojection_error_px": 0.5637309247015309,
  "min_coverage": 0.01,
  "mean_coverage": 0.027751569407533407,
  "mean_sharpness": 975.8114858895178,
  "prune_threshold_px": 0.6663471102085781,
  "prune_median_px": 0.35808418659492613,
  "prune_mad_px": 0.09450931521211259,
  "dist_model": "rational",
  "zero_tangent": false,
  "K": [
    [
      854.9288633679033,
      0.0,
      646.6629754587065
    ],
    [
      0.0,
      853.5201517704674,
      353.80122201918516
    ],
    [
      0.0,
      0.0,
      1.0
    ]
  ],
  "dist": [
    -2.8742702562830074,
    -15.964065766291867,
    -0.005370936357486865,
    0.0008317338423974286,
    66.33662248059912,
    -3.101767730188295,
    -14.269791592285904,
    62.68118871650012,
    0.0,
    0.0,
    0.0,
    0.0,
    0.0,
    0.0
  ],
  "runtime_camera_calibration": {
    "calibration": {
      "K": [
        [
          854.9288633679033,
          0.0,
          646.6629754587065
        ],
        [
          0.0,
          853.5201517704674,
          353.80122201918516
        ],
        [
          0.0,
          0.0,
          1.0
        ]
      ],
      "dist": [
        -2.8742702562830074,
        -15.964065766291867,
        -0.005370936357486865,
        0.0008317338423974286,
        66.33662248059912,
        -3.101767730188295,
        -14.269791592285904,
        62.68118871650012,
        0.0,
        0.0,
        0.0,
        0.0,
        0.0,
        0.0
      ]
    }
  },
  "used_files": [
    "C:\\Users\\paulh\\2026-Rebuilt\\calib_images\\calib_0000.png",
    "C:\\Users\\paulh\\2026-Rebuilt\\calib_images\\calib_0001.png",
    "C:\\Users\\paulh\\2026-Rebuilt\\calib_images\\calib_0002.png",
    "C:\\Users\\paulh\\2026-Rebuilt\\calib_images\\calib_0003.png",
    "C:\\Users\\paulh\\2026-Rebuilt\\calib_images\\calib_0004.png",
    "C:\\Users\\paulh\\2026-Rebuilt\\calib_images\\calib_0005.png",
    "C:\\Users\\paulh\\2026-Rebuilt\\calib_images\\calib_0006.png",
    "C:\\Users\\paulh\\2026-Rebuilt\\calib_images\\calib_0007.png",
    "C:\\Users\\paulh\\2026-Rebuilt\\calib_images\\calib_0008.png",
    "C:\\Users\\paulh\\2026-Rebuilt\\calib_images\\calib_0009.png",
    "C:\\Users\\paulh\\2026-Rebuilt\\calib_images\\calib_0010.png",
    "C:\\Users\\paulh\\2026-Rebuilt\\calib_images\\calib_0011.png",
    "C:\\Users\\paulh\\2026-Rebuilt\\calib_images\\calib_0012.png",
    "C:\\Users\\paulh\\2026-Rebuilt\\calib_images\\calib_0013.png",
    "C:\\Users\\paulh\\2026-Rebuilt\\calib_images\\calib_0014.png",
    "C:\\Users\\paulh\\2026-Rebuilt\\calib_images\\calib_0015.png",
    "C:\\Users\\paulh\\2026-Rebuilt\\calib_images\\calib_0016.png",
    "C:\\Users\\paulh\\2026-Rebuilt\\calib_images\\calib_0017.png",
    "C:\\Users\\paulh\\2026-Rebuilt\\calib_images\\calib_0018.png",
    "C:\\Users\\paulh\\2026-Rebuilt\\calib_images\\calib_0019.png",
    "C:\\Users\\paulh\\2026-Rebuilt\\calib_images\\calib_0020.png",
    "C:\\Users\\paulh\\2026-Rebuilt\\calib_images\\calib_0021.png",
    "C:\\Users\\paulh\\2026-Rebuilt\\calib_images\\calib_0022.png",
    "C:\\Users\\paulh\\2026-Rebuilt\\calib_images\\calib_0023.png",
    "C:\\Users\\paulh\\2026-Rebuilt\\calib_images\\calib_0024.png",
    "C:\\Users\\paulh\\2026-Rebuilt\\calib_images\\calib_0025.png",
    "C:\\Users\\paulh\\2026-Rebuilt\\calib_images\\calib_0026.png",
    "C:\\Users\\paulh\\2026-Rebuilt\\calib_images\\calib_0027.png",
    "C:\\Users\\paulh\\2026-Rebuilt\\calib_images\\calib_0028.png",
    "C:\\Users\\paulh\\2026-Rebuilt\\calib_images\\calib_0029.png",
    "C:\\Users\\paulh\\2026-Rebuilt\\calib_images\\calib_0030.png",
    "C:\\Users\\paulh\\2026-Rebuilt\\calib_images\\calib_0031.png",
    "C:\\Users\\paulh\\2026-Rebuilt\\calib_images\\calib_0032.png",
    "C:\\Users\\paulh\\2026-Rebuilt\\calib_images\\calib_0033.png",
    "C:\\Users\\paulh\\2026-Rebuilt\\calib_images\\calib_0034.png",
    "C:\\Users\\paulh\\2026-Rebuilt\\calib_images\\calib_0035.png",
    "C:\\Users\\paulh\\2026-Rebuilt\\calib_images\\calib_0036.png",
    "C:\\Users\\paulh\\2026-Rebuilt\\calib_images\\calib_0037.png",
    "C:\\Users\\paulh\\2026-Rebuilt\\calib_images\\calib_0038.png",
    "C:\\Users\\paulh\\2026-Rebuilt\\calib_images\\calib_0039.png",
    "C:\\Users\\paulh\\2026-Rebuilt\\calib_images\\calib_0040.png",
    "C:\\Users\\paulh\\2026-Rebuilt\\calib_images\\calib_0041.png",
    "C:\\Users\\paulh\\2026-Rebuilt\\calib_images\\calib_0042.png",
    "C:\\Users\\paulh\\2026-Rebuilt\\calib_images\\calib_0043.png",
    "C:\\Users\\paulh\\2026-Rebuilt\\calib_images\\calib_0044.png",
    "C:\\Users\\paulh\\2026-Rebuilt\\calib_images\\calib_0045.png",
    "C:\\Users\\paulh\\2026-Rebuilt\\calib_images\\calib_0046.png",
    "C:\\Users\\paulh\\2026-Rebuilt\\calib_images\\calib_0047.png",
    "C:\\Users\\paulh\\2026-Rebuilt\\calib_images\\calib_0048.png",
    "C:\\Users\\paulh\\2026-Rebuilt\\calib_images\\calib_0049.png"
  ],
  "rejected_files": []
}
