{
  "nt": {
    "server": "localhost",
    "port": 5810,
    "client_name": "vision",
    "table_path": "FieldVision/main",
    "pose_base_path": "AdvantageKit/RealOutputs/Odometry",
    "pose_struct_key": "Robot",
    "connect_timeout_s": 2.0
  },
  "loop_hz": 20.0,
  "max_objects_per_tick": 256,
  "class_map_path": "yolo_classes.json",
  "cameras": [
    {
      "name": "cam0",
      "usb_index": 0,
      "width": 1280,
      "height": 720,
      "fps": 20.0,
      "hfov_deg": 95.0,
      "vfov_deg": 60.0,
      "max_range_m": 9.0,
      "pose_mode": "robot",
      "robot_pose": {
        "x": 0,
        "y": 0.0,
        "z": 1.35,
        "yaw_deg": 0.0,
        "pitch_deg": -12.0,
        "roll_deg": 0.0
      },
      "calibration": {
      "K": [
        [
          854.9288633679033,
          0.0,
          646.6629754587065
        ],
        [
          0.0,
          853.5201517704674,
          353.80122201918516
        ],
        [
          0.0,
          0.0,
          1.0
        ]
      ],
      "dist": [
        -2.8742702562830074,
        -15.964065766291867,
        -0.005370936357486865,
        0.0008317338423974286,
        66.33662248059912,
        -3.101767730188295,
        -14.269791592285904,
        62.68118871650012,
        0.0,
        0.0,
        0.0,
        0.0,
        0.0,
        0.0
      ]
  
  },
      "axis_cam_from_cv": [
        [
          0.0,
          0.0,
          1.0
        ],
        [
          -1.0,
          0.0,
          0.0
        ],
        [
          0.0,
          -1.0,
          0.0
        ]
      ],
      "pipeline": {
        "type": "yolo",
        "model_path": "../models/yolo.onnx",
        "output_format": "yolov8",
        "input_width": 1024,
        "input_height": 1024,
        "conf_threshold": 0.25,
        "nms_threshold": 0.45,
        "max_detections": 300
      }
    }
  ]
}
