{
  "nt": {
    "server": "localhost",
    "port": 5810,
    "client_name": "vision",
    "table_path": "FieldVision/main",
    "pose_base_path": "AdvantageKit/RealOutputs/Odometry",
    "pose_struct_key": "Robot",
    "connect_timeout_s": 2.0
  },
  "loop_hz": 20.0,
  "max_objects_per_tick": 256,
  "class_map_path": "yolo_classes.json",
  "cameras": [
    {
      "name": "cam0",
      "usb_index": 0,
      "width": 1280,
      "height": 720,
      "fps": 20.0,
      "hfov_deg": 95.0,
      "vfov_deg": 60.0,
      "max_range_m": 9.0,
      "pose_mode": "robot",
      "robot_pose": {
        "x": 0,
        "y": 0.0,
        "z": 1.35,
        "yaw_deg": 0.0,
        "pitch_deg": -12.0,
        "roll_deg": 0.0
      },
      "calibration": {
    "K": [
      [
        851.87414417703,
        0.0,
        656.1857504801268
      ],
      [
        0.0,
        851.4312878979495,
        358.86413534058886
      ],
      [
        0.0,
        0.0,
        1.0
      ]
    ],        
    "dist": [
      -2.223612572635443,
      11.553524890395426,
      -0.008149684009646522,
      0.0026118868398539805,
      105.990182569034,
      -2.513915117822515,
      13.417072445216993,
      98.57148044075088,
      0.0,
      0.0,
      0.0,
      0.0,
      0.0,
      0.0
    ]      },
      "axis_cam_from_cv": [
        [
          0.0,
          0.0,
          1.0
        ],
        [
          -1.0,
          0.0,
          0.0
        ],
        [
          0.0,
          -1.0,
          0.0
        ]
      ],
      "pipeline": {
        "type": "yolo",
        "model_path": "../models/yolo.onnx",
        "output_format": "yolov8",
        "input_width": 1024,
        "input_height": 1024,
        "conf_threshold": 0.25,
        "nms_threshold": 0.45,
        "max_detections": 300
      }
    }
  ]
}
